{"cameraMode":{"drawMode":0,"name":"Shaded","section":"Shading Mode"},"sceneLighting":true,"audioPlay":false,"sceneViewState":{"showFog":true,"showMaterialUpdate":false,"showSkybox":true,"showFlares":true,"showImageEffects":true,"showParticleSystems":true},"in2DMode":false,"pivot":{"x":0.4248046875,"y":-0.9443359375,"z":7.3798828125},"rotation":{"x":-0.01181526854634285,"y":-0.9778845906257629,"z":0.20077365636825562,"w":-0.057573359459638599},"size":10.389503479003907,"orthographic":true}