{"cameraMode":{"drawMode":0,"name":"Shaded","section":"Shading Mode"},"sceneLighting":true,"audioPlay":false,"sceneViewState":{"showFog":true,"showMaterialUpdate":false,"showSkybox":true,"showFlares":true,"showImageEffects":true,"showParticleSystems":true},"in2DMode":false,"pivot":{"x":1.11669921875,"y":0.670654296875,"z":-0.77197265625},"rotation":{"x":0.00922946073114872,"y":0.9880049824714661,"z":-0.06530309468507767,"w":0.13963258266448975},"size":1.2930614948272706,"orthographic":true}